{"cameraMode":{"drawMode":0,"name":"Shaded","section":"Shading Mode"},"sceneLighting":true,"audioPlay":false,"sceneViewState":{"m_AlwaysRefresh":false,"showFog":true,"showSkybox":true,"showFlares":true,"showImageEffects":true,"showParticleSystems":true,"showVisualEffectGraphs":true,"m_FxEnabled":true},"in2DMode":false,"pivot":{"x":93.61097717285156,"y":-128.9669952392578,"z":146.215087890625},"rotation":{"x":0.03798658028244972,"y":0.36456939578056338,"z":-0.014885432086884976,"w":0.9302842617034912},"size":120.34862518310547,"orthographic":false}